id,average_message_length,emoji_ratio,slang_ratio,my_message_stake,chat_type1,chat_type2,intimacy_score
0,54.88990826,0,0.176470588,0.267889908,group,public,0.837972966
1,10.26478149,0,0,0.0625,group,private,-1.124846594
2,16,0,0,0.19047619,group,private,0.988959086
3,39.14285714,0,0,0.238636364,group,public,-0.143436814
4,15.8,0.5,0.5,0.057142857,group,private,0.913466026
5,24.59090909,0,0,0.25,group,public,-1.200339654
6,25.67432,0,0.232667,0.45667,group,public,0.460507666
7,15,0,0,0.187645,group,private,0.762479906
8,24.63,0,0,0.3,group,public,-1.124846594
9,16.3,0,0,0.167643,group,private,0.837972966
10,8.129032258,0,0.5,0.177419355,individual,private,1.517410506
11,30.8,0.125,0.5,0.3,individual,private,-0.747381294
12,43.35294118,0,0,0.029411765,individual,public,-1.502311894
13,47.56453,0,0,0.26653,individual,public,-1.124846594
14,35,0,0,0,individual,private,0.536000726
15,28,0,0.75,0,individual,private,-1.351325774
16,14.83333333,0.166666667,0.666666667,0,individual,private,-0.294422934
17,33.33333333,0,0.416666667,0.071428571,individual,private,-0.369915994
18,0,0,0,0,individual,private,1.139945206
19,11,0,0,0,individual,public,0.988959086
